{"name":"OpcaoUsuarioSlot","identifier":"AU26MMQSGK","description":"Menu Serviços","slotTypeName":"Servicos","obfuscationSetting":null,"valueElicitationSetting":{"slotCaptureSetting":{"codeHook":null,"captureResponse":null,"captureNextStep":{"sessionAttributes":{},"dialogAction":{"type":"EvaluateConditional","suppressNextMessage":null,"slotToElicit":null},"intent":{"name":null,"slots":{}}},"captureConditional":{"isActive":true,"conditionalBranches":[{"name":"planos","response":null,"nextStep":{"sessionAttributes":{},"dialogAction":{"type":"StartIntent","suppressNextMessage":null,"slotToElicit":null},"intent":{"name":"PlanoIntent","slots":{}}},"condition":{"expressionString":"{OpcaoUsuarioSlot} = \"Planos\""}},{"name":"consulta","response":null,"nextStep":{"sessionAttributes":{},"dialogAction":{"type":"StartIntent","suppressNextMessage":null,"slotToElicit":null},"intent":{"name":"AgendarConsultaIntent","slots":{}}},"condition":{"expressionString":"{OpcaoUsuarioSlot} = \"Consulta\" || {OpcaoUsuarioSlot} = \"consulta\" || {OpcaoUsuarioSlot} = \"Agendar Consulta\" || {OpcaoUsuarioSlot} = \"agendar consulta\" || {OpcaoUsuarioSlot} = \"Agendar\" || {OpcaoUsuarioSlot} = \"agendar\" || {OpcaoUsuarioSlot} = \"marcar consulta\" || {OpcaoUsuarioSlot} = \"Marcar Consulta\" || {OpcaoUsuarioSlot} = \"marcar\""}},{"name":"rede","response":null,"nextStep":{"sessionAttributes":{},"dialogAction":{"type":"StartIntent","suppressNextMessage":null,"slotToElicit":null},"intent":{"name":"RedeCredenciadaIntent","slots":{}}},"condition":{"expressionString":"{OpcaoUsuarioSlot} = \"Rede\""}},{"name":"cartao","response":null,"nextStep":{"sessionAttributes":{},"dialogAction":{"type":"StartIntent","suppressNextMessage":null,"slotToElicit":null},"intent":{"name":"CartaoIntent","slots":{}}},"condition":{"expressionString":"{OpcaoUsuarioSlot} = \"Cartão\" "}}],"defaultBranch":{"response":{"messageGroupsList":[{"message":{"ssmlMessage":null,"customPayload":null,"plainTextMessage":{"value":"Desculpe, não entendi. Vamos tentar novamente?"},"imageResponseCard":null},"variations":null}],"allowInterrupt":true},"nextStep":{"sessionAttributes":{},"dialogAction":{"type":"ElicitSlot","suppressNextMessage":null,"slotToElicit":"OpcaoUsuarioSlot"},"intent":{"name":null,"slots":{}}}}},"failureResponse":{"messageGroupsList":[{"message":{"ssmlMessage":null,"customPayload":null,"plainTextMessage":{"value":"Desculpe, não entendi. Vamos tentar novamente?"},"imageResponseCard":null},"variations":null}],"allowInterrupt":true},"failureNextStep":{"sessionAttributes":{},"dialogAction":{"type":"ElicitSlot","suppressNextMessage":null,"slotToElicit":"OpcaoUsuarioSlot"},"intent":{"name":null,"slots":{}}},"failureConditional":null,"elicitationCodeHook":{"enableCodeHookInvocation":true,"invocationLabel":null}},"waitAndContinueSpecification":null,"promptSpecification":{"messageGroupsList":[{"message":{"ssmlMessage":null,"customPayload":null,"plainTextMessage":{"value":"{name}, por favor,"},"imageResponseCard":null},"variations":null},{"message":{"ssmlMessage":null,"customPayload":null,"plainTextMessage":null,"imageResponseCard":{"title":"Escolha um de nossos serviços:","buttonsList":[{"value":"Planos","text":"Ver planos"},{"value":"Rede","text":"Médicos credenciados"},{"value":"Consulta","text":"Agendar uma consulta"},{"value":"Cartão","text":"Solicitar 2ª via do Cartão"}],"subtitle":null,"imageUrl":null}},"variations":null}],"maxRetries":4,"allowInterrupt":true,"messageSelectionStrategy":"Random","promptAttemptsSpecification":{"Retry1":{"allowedInputTypes":{"allowAudioInput":true,"allowDTMFInput":true},"audioAndDTMFInputSpecification":{"dtmfSpecification":{"maxLength":513,"deletionCharacter":"*","endCharacter":"#","endTimeoutMs":5000},"audioSpecification":{"maxLengthMs":15000,"endTimeoutMs":640},"startTimeoutMs":4000},"allowInterrupt":true,"textInputSpecification":{"startTimeoutMs":30000}},"Initial":{"allowedInputTypes":{"allowAudioInput":true,"allowDTMFInput":true},"audioAndDTMFInputSpecification":{"dtmfSpecification":{"maxLength":513,"deletionCharacter":"*","endCharacter":"#","endTimeoutMs":5000},"audioSpecification":{"maxLengthMs":15000,"endTimeoutMs":640},"startTimeoutMs":4000},"allowInterrupt":true,"textInputSpecification":{"startTimeoutMs":30000}},"Retry2":{"allowedInputTypes":{"allowAudioInput":true,"allowDTMFInput":true},"audioAndDTMFInputSpecification":{"dtmfSpecification":{"maxLength":513,"deletionCharacter":"*","endCharacter":"#","endTimeoutMs":5000},"audioSpecification":{"maxLengthMs":15000,"endTimeoutMs":640},"startTimeoutMs":4000},"allowInterrupt":true,"textInputSpecification":{"startTimeoutMs":30000}},"Retry3":{"allowedInputTypes":{"allowAudioInput":true,"allowDTMFInput":true},"audioAndDTMFInputSpecification":{"dtmfSpecification":{"maxLength":513,"deletionCharacter":"*","endCharacter":"#","endTimeoutMs":5000},"audioSpecification":{"maxLengthMs":15000,"endTimeoutMs":640},"startTimeoutMs":4000},"allowInterrupt":true,"textInputSpecification":{"startTimeoutMs":30000}},"Retry4":{"allowedInputTypes":{"allowAudioInput":true,"allowDTMFInput":true},"audioAndDTMFInputSpecification":{"dtmfSpecification":{"maxLength":513,"deletionCharacter":"*","endCharacter":"#","endTimeoutMs":5000},"audioSpecification":{"maxLengthMs":15000,"endTimeoutMs":640},"startTimeoutMs":4000},"allowInterrupt":true,"textInputSpecification":{"startTimeoutMs":30000}}}},"slotConstraint":"Required","defaultValueSpecification":null,"sampleUtterances":[{"utterance":"cartão"},{"utterance":"Cartão"},{"utterance":"menu"},{"utterance":"planos"},{"utterance":"ver planos"},{"utterance":"segunda via do cartão"},{"utterance":"rede"},{"utterance":"Rede credenciada"},{"utterance":"consula"},{"utterance":"agendar consulta"}]},"multipleValuesSetting":null}