{"name":"AgendarConsultaIntent","identifier":"KBGZVGVTZ7","description":null,"parentIntentSignature":null,"sampleUtterances":null,"intentConfirmationSetting":{"isActive":true,"promptSpecification":{"messageGroupsList":[{"message":{"ssmlMessage":null,"customPayload":null,"plainTextMessage":{"value":"Pronto! Deseja confirmar sua consulta com {especialidade} para {data}?"},"imageResponseCard":null},"variations":null}],"maxRetries":4,"allowInterrupt":true,"messageSelectionStrategy":"Random","promptAttemptsSpecification":{"Retry3":{"allowedInputTypes":{"allowAudioInput":true,"allowDTMFInput":true},"audioAndDTMFInputSpecification":{"dtmfSpecification":{"maxLength":513,"deletionCharacter":"*","endCharacter":"#","endTimeoutMs":5000},"audioSpecification":{"maxLengthMs":15000,"endTimeoutMs":640},"startTimeoutMs":4000},"allowInterrupt":true,"textInputSpecification":{"startTimeoutMs":30000}},"Initial":{"allowedInputTypes":{"allowAudioInput":true,"allowDTMFInput":true},"audioAndDTMFInputSpecification":{"dtmfSpecification":{"maxLength":513,"deletionCharacter":"*","endCharacter":"#","endTimeoutMs":5000},"audioSpecification":{"maxLengthMs":15000,"endTimeoutMs":640},"startTimeoutMs":4000},"allowInterrupt":true,"textInputSpecification":{"startTimeoutMs":30000}},"Retry2":{"allowedInputTypes":{"allowAudioInput":true,"allowDTMFInput":true},"audioAndDTMFInputSpecification":{"dtmfSpecification":{"maxLength":513,"deletionCharacter":"*","endCharacter":"#","endTimeoutMs":5000},"audioSpecification":{"maxLengthMs":15000,"endTimeoutMs":640},"startTimeoutMs":4000},"allowInterrupt":true,"textInputSpecification":{"startTimeoutMs":30000}},"Retry1":{"allowedInputTypes":{"allowAudioInput":true,"allowDTMFInput":true},"audioAndDTMFInputSpecification":{"dtmfSpecification":{"maxLength":513,"deletionCharacter":"*","endCharacter":"#","endTimeoutMs":5000},"audioSpecification":{"maxLengthMs":15000,"endTimeoutMs":640},"startTimeoutMs":4000},"allowInterrupt":true,"textInputSpecification":{"startTimeoutMs":30000}},"Retry4":{"allowedInputTypes":{"allowAudioInput":true,"allowDTMFInput":true},"audioAndDTMFInputSpecification":{"dtmfSpecification":{"maxLength":513,"deletionCharacter":"*","endCharacter":"#","endTimeoutMs":5000},"audioSpecification":{"maxLengthMs":15000,"endTimeoutMs":640},"startTimeoutMs":4000},"allowInterrupt":true,"textInputSpecification":{"startTimeoutMs":30000}}}},"declinationResponse":{"messageGroupsList":[{"message":{"ssmlMessage":null,"customPayload":null,"plainTextMessage":{"value":"Ah, que pena."},"imageResponseCard":null},"variations":null}],"allowInterrupt":true},"declinationNextStep":{"sessionAttributes":{},"dialogAction":{"type":"CloseIntent","suppressNextMessage":null,"slotToElicit":null},"intent":{"name":null,"slots":{}}},"failureNextStep":{"sessionAttributes":{},"dialogAction":{"type":"StartIntent","suppressNextMessage":null,"slotToElicit":null},"intent":{"name":"FallbackIntent","slots":{}}},"elicitationCodeHook":{"enableCodeHookInvocation":true,"invocationLabel":null},"confirmationResponse":{"messageGroupsList":[{"message":{"ssmlMessage":null,"customPayload":null,"plainTextMessage":{"value":"Maravilha! Sua consulta com {especialidade} está agendada. Nosso time entrará em contato alguns dias antes para confirmar seu agendamento, ok?"},"imageResponseCard":null},"variations":null}],"allowInterrupt":true},"confirmationNextStep":{"sessionAttributes":{},"dialogAction":{"type":"FulfillIntent","suppressNextMessage":null,"slotToElicit":null},"intent":{"name":null,"slots":{}}}},"intentClosingSetting":{"isActive":true,"nextStep":{"sessionAttributes":{},"dialogAction":{"type":"EndConversation","suppressNextMessage":null,"slotToElicit":null},"intent":{"name":null,"slots":{}}},"closingResponse":{"messageGroupsList":[{"message":{"ssmlMessage":null,"customPayload":null,"plainTextMessage":{"value":"Sinto muito não poder ajudar. Até breve!"},"imageResponseCard":null},"variations":null}],"allowInterrupt":true}},"initialResponseSetting":{"nextStep":{"sessionAttributes":{},"dialogAction":{"type":"InvokeDialogCodeHook","suppressNextMessage":null,"slotToElicit":null},"intent":{"name":null,"slots":{}}},"conditional":null,"codeHook":{"isActive":true,"enableCodeHookInvocation":true,"invocationLabel":null,"postCodeHookSpecification":{"successConditional":null,"timeoutResponse":null,"timeoutNextStep":{"sessionAttributes":{},"dialogAction":{"type":"EndConversation","suppressNextMessage":null,"slotToElicit":null},"intent":{"name":null,"slots":{}}},"timeoutConditional":null,"failureResponse":null,"failureNextStep":{"sessionAttributes":{},"dialogAction":{"type":"EndConversation","suppressNextMessage":null,"slotToElicit":null},"intent":{"name":null,"slots":{}}},"failureConditional":null,"successResponse":null,"successNextStep":{"sessionAttributes":{},"dialogAction":{"type":"ElicitSlot","suppressNextMessage":null,"slotToElicit":"especialidade"},"intent":{"name":null,"slots":{}}}}},"initialResponse":{"messageGroupsList":[{"message":{"ssmlMessage":null,"customPayload":null,"plainTextMessage":{"value":"Olá, nós vamos agendar a sua consulta"},"imageResponseCard":null},"variations":[{"ssmlMessage":null,"customPayload":null,"plainTextMessage":{"value":"Olá, vamos agendar a sua consulta?"},"imageResponseCard":null}]}],"allowInterrupt":true}},"inputContexts":null,"outputContexts":null,"kendraConfiguration":null,"dialogCodeHook":{"enabled":false},"fulfillmentCodeHook":{"isActive":true,"postFulfillmentStatusSpecification":{"timeoutResponse":{"messageGroupsList":[{"message":{"ssmlMessage":null,"customPayload":null,"plainTextMessage":{"value":"O tempo limite acabou, o chat foi encerrado."},"imageResponseCard":null},"variations":null}],"allowInterrupt":true},"timeoutNextStep":{"sessionAttributes":{},"dialogAction":{"type":"EndConversation","suppressNextMessage":null,"slotToElicit":null},"intent":{"name":null,"slots":{}}},"failureResponse":{"messageGroupsList":[{"message":{"ssmlMessage":null,"customPayload":null,"plainTextMessage":{"value":"Desculpe não poder ajudar. Até breve!"},"imageResponseCard":null},"variations":null}],"allowInterrupt":true},"failureNextStep":{"sessionAttributes":{},"dialogAction":{"type":"CloseIntent","suppressNextMessage":null,"slotToElicit":null},"intent":{"name":null,"slots":{}}},"successResponse":{"messageGroupsList":[{"message":{"ssmlMessage":null,"customPayload":null,"plainTextMessage":{"value":"Nós agradecemos o seu contato. Tenha uma ótima semana!"},"imageResponseCard":null},"variations":null}],"allowInterrupt":true},"successNextStep":{"sessionAttributes":{},"dialogAction":{"type":"EndConversation","suppressNextMessage":null,"slotToElicit":null},"intent":{"name":null,"slots":{}}}},"fulfillmentUpdatesSpecification":null,"enabled":false},"slotPriorities":[{"priority":2,"slotName":"data"},{"priority":1,"slotName":"especialidade"}]}