{"name":"RedeCredenciadaIntent","identifier":"1NPZTUMBTV","description":null,"parentIntentSignature":null,"sampleUtterances":[{"utterance":"quero ver a rede credenciada"},{"utterance":"rede credenciada"},{"utterance":"rede"},{"utterance":"qual a rede credenciada"},{"utterance":"encontrar clínicas"},{"utterance":"clínicas "},{"utterance":"clinicas na minha cidad"},{"utterance":"redes na minha cidade"},{"utterance":"na minha cidade"}],"intentConfirmationSetting":null,"intentClosingSetting":{"isActive":true,"nextStep":{"sessionAttributes":{},"dialogAction":{"type":"EndConversation","suppressNextMessage":null,"slotToElicit":null},"intent":{"name":null,"slots":{}}},"closingResponse":{"messageGroupsList":[{"message":{"ssmlMessage":null,"customPayload":null,"plainTextMessage":{"value":"Agradecemos seu interesse em conhecer a nossa rede credenciada de profissionais e estabelecimentos de saúde. Estamos à disposição para ajudar no que for necessário!"},"imageResponseCard":null},"variations":null}],"allowInterrupt":true}},"initialResponseSetting":{"nextStep":{"sessionAttributes":{},"dialogAction":{"type":"ElicitSlot","suppressNextMessage":null,"slotToElicit":"medicoEspecialista"},"intent":{"name":null,"slots":{}}},"conditional":null,"codeHook":null,"initialResponse":{"messageGroupsList":[{"message":{"ssmlMessage":null,"customPayload":null,"plainTextMessage":{"value":"Entendemos a importância de escolher o cuidado mais adequado para sua saúde..."},"imageResponseCard":null},"variations":null},{"message":{"ssmlMessage":null,"customPayload":null,"plainTextMessage":{"value":"Nossa rede credenciada é cuidadosamente selecionada, trabalhamos em parceria com profissionais altamente qualificados visando oferecer uma cobertura de excelência aos nossos segurados."},"imageResponseCard":null},"variations":null}],"allowInterrupt":true}},"inputContexts":null,"outputContexts":null,"kendraConfiguration":null,"dialogCodeHook":null,"fulfillmentCodeHook":null,"slotPriorities":[{"priority":0,"slotName":"medicoEspecialista"}]}