{"name":"FallbackIntent","identifier":"FALLBCKINT","description":null,"parentIntentSignature":"AMAZON.FallbackIntent","sampleUtterances":null,"intentConfirmationSetting":null,"intentClosingSetting":{"isActive":true,"nextStep":{"sessionAttributes":{},"dialogAction":{"type":"EndConversation","suppressNextMessage":null,"slotToElicit":null},"intent":{"name":null,"slots":{}}},"closingResponse":{"messageGroupsList":[{"message":{"ssmlMessage":null,"customPayload":null,"plainTextMessage":{"value":"Até breve!"},"imageResponseCard":null},"variations":null}],"allowInterrupt":true}},"initialResponseSetting":{"nextStep":{"sessionAttributes":{},"dialogAction":{"type":"CloseIntent","suppressNextMessage":null,"slotToElicit":null},"intent":{"name":null,"slots":{}}},"conditional":null,"codeHook":null,"initialResponse":{"messageGroupsList":[{"message":{"ssmlMessage":null,"customPayload":null,"plainTextMessage":{"value":"Desuculpe, algo deu errado. Se desejar você pode reiniciar o atendimento."},"imageResponseCard":null},"variations":null}],"allowInterrupt":true}},"inputContexts":null,"outputContexts":null,"kendraConfiguration":null,"dialogCodeHook":null,"fulfillmentCodeHook":null,"slotPriorities":[]}