{"name":"pessoa","identifier":"UAXS06QNYP","description":null,"slotTypeName":"PersonTypeSlot","obfuscationSetting":null,"valueElicitationSetting":{"slotCaptureSetting":{"codeHook":null,"captureResponse":null,"captureNextStep":{"sessionAttributes":{},"dialogAction":{"type":"EvaluateConditional","suppressNextMessage":null,"slotToElicit":null},"intent":{"name":null,"slots":{}}},"captureConditional":{"isActive":true,"conditionalBranches":[{"name":"juridica","response":null,"nextStep":{"sessionAttributes":{},"dialogAction":{"type":"ElicitSlot","suppressNextMessage":null,"slotToElicit":"PlanoEmp"},"intent":{"name":null,"slots":{}}},"condition":{"expressionString":"{pessoa} = \"Pessoa Jurídica\""}},{"name":"fisica","response":null,"nextStep":{"sessionAttributes":{},"dialogAction":{"type":"ElicitSlot","suppressNextMessage":null,"slotToElicit":"PlanoIndividual"},"intent":{"name":null,"slots":{}}},"condition":{"expressionString":"{pessoa} = \"Pessoa Física\""}}],"defaultBranch":{"response":{"messageGroupsList":[{"message":{"ssmlMessage":null,"customPayload":null,"plainTextMessage":{"value":"Desculpe, não entendi. Vamos tentar novamente?"},"imageResponseCard":null},"variations":null}],"allowInterrupt":true},"nextStep":{"sessionAttributes":{},"dialogAction":{"type":"StartIntent","suppressNextMessage":null,"slotToElicit":null},"intent":{"name":null,"slots":{}}}}},"failureResponse":{"messageGroupsList":[{"message":{"ssmlMessage":null,"customPayload":null,"plainTextMessage":{"value":"Desculpe, não entendi. Vamos tentar novamenre?"},"imageResponseCard":null},"variations":null}],"allowInterrupt":true},"failureNextStep":{"sessionAttributes":{},"dialogAction":{"type":"ElicitSlot","suppressNextMessage":null,"slotToElicit":"pessoa"},"intent":{"name":null,"slots":{}}},"failureConditional":null,"elicitationCodeHook":{"enableCodeHookInvocation":true,"invocationLabel":null}},"waitAndContinueSpecification":null,"promptSpecification":{"messageGroupsList":[{"message":{"ssmlMessage":null,"customPayload":null,"plainTextMessage":{"value":"Para continuar, você deseja informações para Pessoa Física (PF) ou Pessoa Jurídica (PJ)?"},"imageResponseCard":null},"variations":null},{"message":{"ssmlMessage":null,"customPayload":null,"plainTextMessage":null,"imageResponseCard":{"title":"Selecione uma opção abaixo:","buttonsList":[{"value":"Pessoa Física","text":"Pessoa Física (PF)"},{"value":"Pessoa Jurídica","text":"Pessoa Jurídica (PJ)"}],"subtitle":null,"imageUrl":null}},"variations":null}],"maxRetries":4,"allowInterrupt":true,"messageSelectionStrategy":"Random","promptAttemptsSpecification":{"Retry1":{"allowedInputTypes":{"allowAudioInput":true,"allowDTMFInput":true},"audioAndDTMFInputSpecification":{"dtmfSpecification":{"maxLength":513,"deletionCharacter":"*","endCharacter":"#","endTimeoutMs":5000},"audioSpecification":{"maxLengthMs":15000,"endTimeoutMs":640},"startTimeoutMs":4000},"allowInterrupt":true,"textInputSpecification":{"startTimeoutMs":30000}},"Initial":{"allowedInputTypes":{"allowAudioInput":true,"allowDTMFInput":true},"audioAndDTMFInputSpecification":{"dtmfSpecification":{"maxLength":513,"deletionCharacter":"*","endCharacter":"#","endTimeoutMs":5000},"audioSpecification":{"maxLengthMs":15000,"endTimeoutMs":640},"startTimeoutMs":4000},"allowInterrupt":true,"textInputSpecification":{"startTimeoutMs":30000}},"Retry2":{"allowedInputTypes":{"allowAudioInput":true,"allowDTMFInput":true},"audioAndDTMFInputSpecification":{"dtmfSpecification":{"maxLength":513,"deletionCharacter":"*","endCharacter":"#","endTimeoutMs":5000},"audioSpecification":{"maxLengthMs":15000,"endTimeoutMs":640},"startTimeoutMs":4000},"allowInterrupt":true,"textInputSpecification":{"startTimeoutMs":30000}},"Retry3":{"allowedInputTypes":{"allowAudioInput":true,"allowDTMFInput":true},"audioAndDTMFInputSpecification":{"dtmfSpecification":{"maxLength":513,"deletionCharacter":"*","endCharacter":"#","endTimeoutMs":5000},"audioSpecification":{"maxLengthMs":15000,"endTimeoutMs":640},"startTimeoutMs":4000},"allowInterrupt":true,"textInputSpecification":{"startTimeoutMs":30000}},"Retry4":{"allowedInputTypes":{"allowAudioInput":true,"allowDTMFInput":true},"audioAndDTMFInputSpecification":{"dtmfSpecification":{"maxLength":513,"deletionCharacter":"*","endCharacter":"#","endTimeoutMs":5000},"audioSpecification":{"maxLengthMs":15000,"endTimeoutMs":640},"startTimeoutMs":4000},"allowInterrupt":true,"textInputSpecification":{"startTimeoutMs":30000}}}},"slotConstraint":"Required","defaultValueSpecification":null,"sampleUtterances":null},"multipleValuesSetting":null}