{"name":"WelcomeIntent","identifier":"YW3GOBVY1N","description":null,"parentIntentSignature":null,"sampleUtterances":[{"utterance":"Olá"},{"utterance":"Bom dia"},{"utterance":"Boa tarde"},{"utterance":"Boa noite"},{"utterance":"Tudo bem"},{"utterance":"Oi"},{"utterance":"Hey"}],"intentConfirmationSetting":null,"intentClosingSetting":null,"initialResponseSetting":{"nextStep":{"sessionAttributes":{},"dialogAction":{"type":"ElicitSlot","suppressNextMessage":null,"slotToElicit":"name"},"intent":{"name":null,"slots":{}}},"conditional":null,"codeHook":null,"initialResponse":{"messageGroupsList":[{"message":{"ssmlMessage":null,"customPayload":null,"plainTextMessage":{"value":"Olá, seja bem vindo ao atendimento virtual da Compasso Health!"},"imageResponseCard":null},"variations":null}],"allowInterrupt":true}},"inputContexts":null,"outputContexts":null,"kendraConfiguration":null,"dialogCodeHook":{"enabled":false},"fulfillmentCodeHook":null,"slotPriorities":[{"priority":1,"slotName":"telefone"},{"priority":2,"slotName":"OpcaoUsuarioSlot"},{"priority":0,"slotName":"name"}]}